name,email,password,address_default,address_second,point
Caulket,gcaulket0@wp.com,pcm5Q9h,521 Leroy Alley,,161098.99
Grafton-Herbert,rgraftonherbert1@independent.co.uk,BpDNWA,82172 Bashford Avenue,1 Larry Street,70463.83
Cornuau,scornuau2@devhub.com,xYdPQ3E8JB,1788 Arkansas Center,69 Badeau Terrace,167247.99
Mussetti,lmussetti3@cdbaby.com,QarGro,935 Dryden Avenue,,184767.58
Kohnert,gkohnert4@de.vu,Q1KYZWS,489 Lerdahl Trail,,110717.27
MacCaughey,amaccaughey5@wordpress.com,kntsWv5Kg6Pa,752 Mendota Park,76 Aberg Junction,154357.76
Pedden,npedden6@wunderground.com,3sBtF6cwSr,35 Lindbergh Drive,84 Texas Circle,76723.66
Embra,eembra7@chronoengine.com,05c2xy,93108 Nobel Hill,,75470.26
Lovat,glovat8@nih.gov,O9Zk26,4309 Oriole Pass,,84706.04
Kellet,vkellet9@chronoengine.com,bIh6aOBxD,46097 Kennedy Center,,7710.77
Whiteside,mwhitesidea@businessweek.com,FuCMVjsgKaIF,3 New Castle Center,,37188.48
Bransdon,jbransdonb@livejournal.com,4CLmkW,9 Nancy Park,6 Charing Cross Terrace,39760.8
Colliard,scolliardc@google.com.hk,Yjm6nw,8 Mccormick Lane,,60196.27
Brigman,sbrigmand@google.es,ODRUYLzrDyp,53152 Chive Center,0130 Dexter Terrace,112808.05
Gwyneth,dgwynethe@skyrock.com,kSS6dF6Pnl4h,0 Waywood Lane,,74194.48
Beaumont,kbeaumontf@macromedia.com,p9ESkm9O8H7G,371 Lighthouse Bay Way,,184636.06
Bamell,pbamellg@boston.com,NTjUoEulG,99 Sauthoff Way,96 Farwell Avenue,182198.0
Cammidge,hcammidgeh@ted.com,LGVEkWE,04250 Annamark Alley,31 Mockingbird Parkway,132586.27
Shimmings,dshimmingsi@bbb.org,8QfKhGdBkyzi,45 6th Pass,,119627.65
Elton,celtonj@goodreads.com,CLr159,13 Rutledge Parkway,155 6th Plaza,170589.01
Clarkin,sclarkink@wunderground.com,9NmFDfe,98 Kings Lane,401 New Castle Junction,79912.78
Sampey,jsampeyl@edublogs.org,RBbIYNW7xvlL,808 Declaration Drive,06971 Toban Center,186461.3
Girdwood,hgirdwoodm@intel.com,naUqgDpes6U,1 Sommers Court,,37321.24
Phant,hphantn@pen.io,ZX8j46,5127 Debs Road,47326 Pankratz Crossing,164996.05
Sich,tsicho@drupal.org,sCajdiwq,1858 Colorado Hill,,6046.75
Naismith,dnaismithp@loc.gov,flMSZltz216,6461 Iowa Circle,29 Forest Junction,14194.2
Tattam,mtattamq@networksolutions.com,LL1LxDdIHOBQ,9 Hovde Lane,2433 Caliangt Avenue,61774.02
Gunter,tgunterr@taobao.com,WXVvRfr,2 Eastlawn Crossing,0975 Heffernan Drive,166626.43
Lister,tlisters@amazon.co.uk,wJmkKn,3536 Dakota Terrace,11 Longview Trail,24200.17
Guitte,nguittet@fastcompany.com,GYTypYNPjXT,763 Delladonna Hill,7688 Logan Street,27722.13
